time,stick_speed,angular_velocity,acceleration,angular_acceleration,energy_proxy,jerk,time_norm,tip_x_m,tip_y_m,tip_x_m_raw,tip_y_m_raw,hip_angle_deg,shoulder_angle_deg,x_factor_deg,wrist_angle_deg,arc_radius_px
0.0,0.0,98.52441394370392,0.0,5905.55927734489,0.0,0.0,0.0,1.095515516432672,3.422111721373731,1.4140281984911027,4.417064295142529,-176.03971829717221,175.14895845509156,-8.811323247736254,68.28894862025795,282.38024179548773
0.016683333333333335,0.0020669194285252456,0.00728783722769788,0.12389127443707765,-5905.122443944629,4.272155924015128e-06,7.42605041580885,0.006896551724137931,1.0953198203923575,3.4216015278037215,1.4139960183051428,4.417095778432742,-176.03549745286904,175.18129370501842,-8.783208842112572,68.15519928088416,282.3548784106352
0.03336666666666667,0.027726162059496406,0.043747603267673206,1.5380165413169524,2.1854005618366825,0.000768740062549458,84.76275325953294,0.013793103448275862,1.0950822164108815,3.4219984037863687,1.4136386337685776,4.417692977093979,-175.95262742297183,175.17248537848437,-8.874887198543775,66.7846305529491,282.34430600606294
0.050050000000000004,0.014018199719485185,0.015787394415876285,-0.8216560843163567,-1.6759365945133016,0.00019650992337537452,-141.43891861937914,0.020689655172413793,1.0939972877816129,3.4193499947460615,1.413391891680302,4.417797593443751,-175.68185731821606,175.14780895669494,-9.170333725088994,66.67404148140128,282.37179874729816
0.06673333333333334,0.008618955516476196,-0.011114707760808716,-0.32363102115938003,-1.612513616984116,7.428639419499545e-05,29.851652137281324,0.027586206896551724,1.0941317834360025,3.4192991290473733,1.4135726336419578,4.4178238295189285,-175.59167984862552,175.4428342610742,-8.965485890300272,66.40748230864001,282.01236033635917
0.08341666666666667,0.003970835777348899,0.008436637844650222,-0.27860857577186593,1.1719088275000358,1.576753677067403e-05,2.6986480751756696,0.034482758620689655,1.0931304883152861,3.416306764367664,1.4135238509396735,4.418098324455477,-175.45617607811795,175.47713580877993,-9.066688113102146,64.89356008188877,282.0139178001265
0.10010000000000001,0.0015932643234075703,0.005331805581086213,-0.14251177546101865,-0.1861038319818586,2.538491204243383e-06,8.157650368282551,0.041379310344827586,1.0931269845081222,3.416333113385843,1.4136592536839128,4.418165226447183,-175.83797453162012,175.36236061689004,-8.799664851489865,63.298516019202616,281.99056974997325
0.11678333333333334,0.011084742618954205,-0.022655055290788796,0.5689197779548436,-1.677534118194307,0.00012287151892845973,42.64324995499676,0.04827586206896552,1.090973755136348,3.4097901797256482,1.4140601327138587,4.418478091643679,-175.7954312215035,175.37928943801407,-8.825279340482439,62.576149310394506,281.98928360683925
0.13346666666666668,0.003783953863493892,-0.008575406486994865,-0.4376097156120067,0.8439349932344012,1.4318306841050351e-05,-60.33143817583517,0.05517241379310345,1.0910308287835362,3.409817158696064,1.4141430633077412,4.417495222677325,-175.95554055635665,175.30493426178836,-8.739525181855015,61.13048543716854,282.17174311398844
0.15015,0.01632993531456419,-0.028570504698716144,0.7520068801840336,-1.1985073853179584,0.0002666667873778507,71.3056900577047,0.06206896551724138,1.0897122967468365,3.4048488903852623,1.414340079834781,4.417008215531834,-175.96263043441067,175.28843871511228,-8.748930850477052,60.53110941473244,282.3128438738226
0.16683333333333333,0.024444691621934495,-0.0487059154944998,0.48639897946275534,-1.2069177300170018,0.0005975429484914744,-15.920553489786904,0.06896551724137931,1.0898066751022424,3.404452142338413,1.4143223294901681,4.416678624837411,-175.40017137335875,175.1914697815169,-9.408358845124326,61.365759298117304,282.11121880437423
0.1835166666666667,0.024023452988428513,-0.010099756116880403,-0.025249068941417447,2.314055507150013,0.0005771262934872349,-30.668214689560795,0.07586206896551724,1.0892979346120122,3.4020726774723693,1.4143698413825607,4.416738639859383,-175.38373513217945,175.23066605581153,-9.385598812008993,60.28345996773508,281.98926964997924
0.20020000000000002,0.014071550288144845,5.7395356798941014e-05,-0.5965176443726473,0.6088202681526078,0.00019800852751178927,-34.24187265322056,0.08275862068965517,1.0893288490276694,3.401839961492261,1.4145002018811015,4.416591061936507,-175.68174288990423,175.44922153738838,-8.86903557270739,60.890457672070696,282.3032341953972
0.21688333333333334,0.0024930670627432068,-0.02038465763725145,-0.6940149785455526,-1.2252978817612616,6.21538337933504e-06,-5.843996054319996,0.0896551724137931,1.0881521965333156,3.3980563127914882,1.4146656531301922,4.416854734492043,-175.21993615617225,175.3018493336241,-9.478214510203657,60.33902976318248,282.0333457851877
0.23356666666666667,0.0026736996151894075,0.00018238325426002728,0.010827126020751313,1.2327896638268638,7.148669632263986e-06,42.24827799598232,0.09655172413793103,1.089356469337896,3.4017615421469745,1.4143167133303254,4.416139473492504,-175.86144489619292,175.41590456997474,-8.722650533832336,60.61815022560909,282.4545122559074
0.25025000000000003,0.0038404519731151878,-0.032350842660996755,0.0699352062692774,-1.950043511403999,1.4749071357804338e-05,3.5429418730385205,0.10344827586206898,1.0881562191597787,3.397947824831379,1.4140709550948694,4.415771512538133,-174.76443250733018,175.27195715851926,-9.96361033415053,58.98407775465829,282.01914110561813
0.26693333333333336,0.018481811564548277,0.009523750352409663,0.8776039715144723,2.5099656151892,0.00034157735870747044,48.41171420051126,0.1103448275862069,1.0881213494481183,3.3976414646464144,1.4140286904175126,4.4157808591399155,-175.3629688335138,175.35640335539142,-9.280627811094746,59.18976942351799,282.4139401552275
0.2836166666666667,0.010976887924778555,0.0019360291782121004,-0.4498455728133698,-0.4548084619898638,0.00012049206851314925,-79.56740525441609,0.11724137931034483,1.0879546217066307,3.3975657094303697,1.413861189475048,4.416092248557184,-175.8297800263325,175.47000177834593,-8.700218195321554,60.913009338216895,282.44530798954787
0.3003,0.003229505795902525,0.0008526164313898525,-0.4643785491833783,-0.0649398249843505,1.0429707685768001e-05,-0.8711074747257839,0.12413793103448276,1.0879024972530786,3.3975520719986134,1.4138036340851263,4.416088313145908,-175.66762571808786,175.62656856804477,-8.705805713867335,60.93578331758886,282.3808228269043
0.31698333333333334,0.014129988350760344,-0.01965848501642172,0.6533755777137552,-1.2294366502184755,0.00019965657079262303,66.99824936446352,0.13103448275862067,1.0877847223653412,3.3973478657054947,1.4137382898603863,4.415543258684085,-175.16487197275416,175.6120783363975,-9.22304969084837,59.6874202760856,282.31384777355294
0.33366666666666667,0.0037512543219232718,0.028899008802542137,-0.6221019397904337,2.910539090047783,1.4071908987748025e-05,-76.4521988513999,0.13793103448275862,1.0877296833098042,3.3973180766536575,1.4137531706342763,4.415237772383732,-175.4416287669787,175.72745924420667,-8.830911988814591,60.69060552481268,282.2570756077243
0.35035000000000005,0.009639571489643367,-0.02565451957992059,0.3529460839792264,-3.269941761186576,9.292133850394524e-05,58.4444369891904,0.14482758620689656,1.087721653583908,3.3971574570558585,1.413903290176935,4.4149608178151345,-175.13893225187965,175.75018118572208,-9.110886562398264,59.35147546007869,282.18860199757455
0.3670333333333334,0.013449955429397547,0.03731614869221351,0.2283946417435072,3.7744656306973474,0.00018090130105278055,-7.465620913229919,0.15172413793103448,1.087854566408861,3.3973518393411553,1.4140888694149516,4.414770934221034,-175.3746503067243,175.89348180483697,-8.731867888438728,60.26634926241017,282.21310989138107
0.3837166666666667,0.013468491006945709,-0.020368376707480266,0.0011110236292604684,-3.457613910071554,0.00018140025000417743,-13.623393693161638,0.15862068965517243,1.0881803672672086,3.3979500911176608,1.4142712101374386,4.41475224101747,-175.6400768791805,175.83668761323312,-8.523235507586378,59.10060658895926,282.20555824178217
0.40040000000000003,0.009735824866676252,0.03834245720492721,-0.22373623218398334,3.519130903840607,9.478628583459167e-05,-13.47735799080382,0.16551724137931034,1.0883535096020422,3.397984510211882,1.4143676277137176,4.414863908312444,-175.64408390176442,175.96505179129983,-8.390864306935782,59.153732701359424,282.1302974810334
0.41708333333333336,0.008384474829648788,-0.04158690581100766,-0.08100000221942838,-4.790970810145945,7.029941816901408e-05,8.555618179693601,0.1724137931034483,1.0884927011752117,3.397970639491764,1.414516640421955,4.415070025478063,-175.72016692357596,175.8549115968535,-8.424921479570571,59.213640340007515,282.1104695228416
0.4337666666666667,0.005021876267358186,0.02588948097029793,-0.20155435937805805,4.044538668210124,2.5219241244655383e-05,-7.226035394123654,0.1793103448275862,1.0886488451362513,3.3981945944794205,1.414559970939866,4.415126105088755,-175.41832909305617,176.1492892594049,-8.432381647538932,62.095889695045784,282.10169001011275
0.4504500000000001,0.006610182380120027,0.00085509465449111,0.09520316360210831,-1.5005626163320767,4.369451109844926e-05,17.78766371509488,0.18620689655172415,1.0887591246416386,3.3981943085575708,1.414658766160458,4.414809304480982,-175.574528146765,176.10755382249468,-8.317918030740316,61.99172855689418,282.1105895134462
0.46713333333333334,0.008556665959464187,0.03127407631676381,0.11667234241823175,1.8233155841522155,7.321653234185317e-05,1.286863865102308,0.19310344827586207,1.08880372705099,3.398329915515061,1.41470385941467,4.415190383472942,-175.32549723382814,176.07033325529008,-8.604169510881775,61.23049116247575,282.0614365694712
0.4838166666666667,0.004447762101561298,-0.016996609143279547,-0.24628794353064262,-2.893347779822778,1.978258771208497e-05,-21.75586129563682,0.19999999999999998,1.088802840108408,3.398123727151594,1.4148009328928284,4.414915560585452,-175.32106855371018,176.24143252419327,-8.437498922096552,62.70930899359543,282.0311569279493
0.5005000000000001,0.003307145476140501,0.032539700902809186,-0.06836862889635119,2.969209393371941,1.0937211200356583e-05,10.664494383673775,0.20689655172413796,1.0888429446931576,3.3980858349918384,1.4148487727361607,4.415008042750456,-175.38237260792724,176.2831244136901,-8.334502978382659,62.74126099482326,282.0027496586274
0.5171833333333333,0.004192388717991954,0.020918688085818593,0.053061532978109414,-0.6965642048146256,1.757612316274622e-05,7.2785311812863975,0.21379310344827585,1.0888783982018093,3.397973359682528,1.4150469780853567,4.415421260934509,-175.54491883262273,176.19436730129178,-8.260713866085496,62.55083846513705,281.9843398719594
0.5338666666666667,0.007567679204788941,0.06694937611604113,0.20231511409372474,2.7590821996137285,5.726976854659498e-05,8.946268598338548,0.2206896551724138,1.0889128084490418,3.3980699561139396,1.4150466911282844,4.415516694657967,-175.29679870040133,176.047063275279,-8.656138024319716,59.57622433960331,281.9775790508104
0.55055,0.01015557462076506,0.01674874948601881,0.15511860635221542,-3.009028569232117,0.00010313569587792739,-2.828961502987581,0.2275862068965517,1.0889188816033937,3.398239276069835,1.4147476408651232,4.416645173841559,-175.3091672989395,175.98478526651678,-8.706047434543734,59.23656235382043,281.99312074545276
0.5672333333333334,0.005347787130229861,0.03586907321278957,-0.2881790703617491,1.1460733502559857,2.8598827190252137e-05,-26.57128931352425,0.23448275862068965,1.0874285571474391,3.393619606324678,1.4148748038420018,4.416894088604811,-175.2080817580646,175.89290245021436,-8.899015791721013,59.26963619558288,281.98319865446734
0.5839166666666666,0.045331417395030715,0.015506291791688227,2.3966211946933655,-1.2205463389271576,0.002054937403042493,160.92708881449292,0.24137931034482757,1.0863407163240997,3.390776298431244,1.4149693766942444,4.416846863669489,-174.84394686930548,175.88909671118853,-9.26695641950596,59.50241799152574,282.2376717918131
0.6006,0.014515633224024004,0.022379956505438597,-1.8470999503100858,0.4120078749500706,0.0002107036078943895,-254.36889980040579,0.2482758620689655,1.0847921434874959,3.3861553422551256,1.4149799531120506,4.416949184362684,-174.8564798522007,175.80228879818145,-9.341231349617829,59.37716418432012,282.2554324651119
0.6172833333333334,0.005382518023442712,0.011893310115559424,-0.5474394725623132,-0.6285702131795685,2.8971500272685644e-05,77.90172693792815,0.25517241379310346,1.0846127513368837,3.385850834903647,1.4147377203491966,4.416930491159119,-174.79814117154115,175.79630558368794,-9.405553244770886,58.73050042518468,282.26641708561317
0.6339666666666667,0.002077894279130298,0.019222272436079088,-0.19807934531343208,0.4392984407903909,4.317644635242421e-06,20.94066696796497,0.26206896551724135,1.0843883218613688,3.385211362143056,1.414629004612678,4.416966893713429,-174.50930755057166,175.70364369670222,-9.78704875272615,58.51051747755159,282.2475792642094
0.6506500000000001,0.0055577126702103736,0.02654629215298938,0.2085805229418619,0.4390021808337822,3.088817012461692e-05,24.37521687843911,0.2689655172413793,1.084278195379819,3.3851691779242956,1.4144826155119583,4.417419957936658,-174.45253155128333,176.01696342317422,-9.530505025542425,58.20533332749091,282.3913829993993
0.6673333333333333,0.005137149574823304,0.010296944992577944,-0.02520857714607817,-0.9739868427819076,2.6390305754107254e-05,-14.013332672603847,0.27586206896551724,1.0841647820329539,3.3850931266035515,1.4143750476037287,4.417695436726026,-174.5292518728378,175.91412452084495,-9.55662360631726,58.010929014001185,282.4067274103281
0.6840166666666667,0.0190497628224255,-0.0018643877097501847,0.8339228719841446,-0.7289510111285565,0.00036289346359066475,51.49639055725592,0.2827586206896552,1.0836242965400973,3.3840422794442104,1.4143090884709766,4.417802840658787,-174.65707590078202,175.91766358052078,-9.4252605186972,58.73979960554762,282.06570830216646
0.7007000000000001,0.014389216382267296,0.010489271456436978,-0.27935343297651666,0.7404790709003318,0.00020704954809570953,-66.72984844919071,0.2896551724137931,1.0834995186119134,3.384145983838345,1.4143425804606955,4.417970423588985,-174.54917607250027,175.98268104691547,-9.468142880584253,58.57559688224784,282.00212262230184
0.7173833333333334,0.006499764942581654,0.008093943151833996,-0.472894192188951,-0.14357612215402538,4.224694430881349e-05,-11.60084470803806,0.296551724137931,1.083339087063682,3.383853635934422,1.4143400798347807,4.418000923026382,-174.506406625594,176.15515006104343,-9.338443313362575,58.176500650529675,282.23484691985516
0.7340666666666668,0.005214896486193711,-0.0037893756768067953,-0.07701509229098531,-0.7122868428755693,2.7195145361715516e-05,23.729016976900954,0.30344827586206896,1.0831921236037045,3.383501883927982,1.4142586660139937,4.417912376272655,-174.430446520628,176.29504562036786,-9.274507859004132,58.13173855825873,282.178324581201
0.75075,0.000948264266602691,-0.010853606200456091,-0.25574219098447754,-0.42343040101794116,8.992051193155394e-07,-10.712913008600967,0.3103448275862069,1.0831826263529964,3.3835145362493884,1.414327043784927,4.41771593365976,-174.6691562335202,176.1169199119188,-9.213923854561017,58.11009299761498,281.92960901641595
0.7674333333333334,0.0004424926732597545,-0.014739155632030342,-0.030315979620955127,-0.23290006582862557,1.9579976588856383e-07,13.512060621190106,0.31724137931034485,1.0830583745097864,3.3831059228123075,1.414346638853575,4.41788335261449,-174.7261805073149,176.08161423122465,-9.192205261460458,58.74421810824811,281.97082176096757
0.7841166666666667,0.001124998279735134,0.0021831627829680773,0.04090942696156135,1.0143247801197888,1.2656211294070109e-06,4.269255139811191,0.32413793103448274,1.083026854585862,3.3829854710310814,1.4144612577070088,4.41744111077227,-174.85445436484113,176.06154047488437,-9.0840051602745,59.140143266392144,282.0493005102092
0.8008000000000001,0.00674021346322083,-0.0006234034663113804,0.33657633467446607,-0.16822574920755928,4.543047752978333e-05,17.722292170603616,0.3310344827586207,1.0830638620019857,3.382974821150546,1.4147136979428614,4.417261065706363,-175.00442814619856,176.09798716420778,-8.897584689593657,59.50742971964551,281.99997810446416
0.8174833333333333,0.012614905724469673,0.005919393075484408,0.35212940626866307,0.3921756168908577,0.00015913584643725771,0.9322520436082148,0.33793103448275863,1.0832709713914939,3.3831888893483133,1.4147139439060665,4.417134148692689,-175.09049398592182,176.05362165948233,-8.855884354595844,59.025443699584045,282.0187525216149
0.8341666666666667,0.013742980802595627,-0.001944376804445369,0.06761688779975727,-0.4713548379578271,0.00018886952134051195,-17.05369741072356,0.3448275862068966,1.0833158964458263,3.3826319341506164,1.4148092136540564,4.417028876441037,-175.23854988578927,176.07747248737982,-8.683977626830938,58.79563311854317,281.9166378864983
0.85085,0.006451638272848158,0.016514531333467062,-0.437043508276573,1.1064280602145349,4.162363640367916e-05,-30.249374390189725,0.35172413793103446,1.0832436518509412,3.3822210553234453,1.4152924903576085,4.417025596931639,-174.87662700886506,176.13255428620718,-8.990818704927733,59.07696693084008,281.99302612918575
0.8675333333333334,0.006415763220916909,0.006913885251499952,-0.002150352763111853,-0.5754633016164081,4.1162017706870106e-05,26.067521808998574,0.3586206896551724,1.0831452454658146,3.381623135518178,1.4154765938163958,4.415733634204596,-174.60597923322513,176.22717587764592,-9.166844889128924,58.62493460616076,281.97921702609744
0.8842166666666668,0.009378304292067728,-0.0035395799194745223,0.17757488937966887,-0.6265813289295367,8.795259139461598e-05,10.772741786780024,0.36551724137931035,1.0832470663399756,3.381440200969324,1.415032477255176,4.414162235259955,-174.53784767761832,176.19538166923914,-9.266770653142544,59.553488679657654,282.05979005437007
0.9009000000000001,0.050837382214118744,0.0017803873193305262,2.4850596157073617,0.3188791551731308,0.002584439430384397,138.31077280685517,0.3724137931034483,1.0832697923297303,3.3805923685043013,1.4142016025504824,4.412198159098896,-174.3393667748031,176.36741118809923,-9.293222037097678,60.66867129569756,281.85454993866523
0.9175833333333334,0.06907197252473413,0.005601993066604647,1.0929824362007259,0.2290672775588891,0.004770937388457626,-83.4411895808176,0.37931034482758624,1.083273103516814,3.379440022519905,1.4130497568624354,4.410315064802998,-174.30007164416324,176.42259336711777,-9.277334988718962,61.45918662977992,281.83996684896573
0.9342666666666667,0.09303093562227421,0.07075317041789025,1.4361016841682417,3.9051654756015473,0.00865475498275573,20.566588289761253,0.38620689655172413,1.082729680890791,3.3779861996086953,1.4107199523927645,4.411996469270964,-174.6481835413938,176.21771434293186,-9.134102115674352,60.167218088409534,281.60415545010846
0.9509500000000001,0.05153470856944227,0.062261457719244864,-2.4872863368330744,-0.508993768150571,0.0026558261873373466,-235.1681131469312,0.3931034482758621,1.0817730590219499,3.3773890958555866,1.4068369722725595,4.415105772130493,-174.428438120825,175.9732929406244,-9.598268938550632,60.55395821821506,281.23802409660925
0.9676333333333333,0.09870986932960459,0.12440172584631617,2.827681963646102,3.724691396228063,0.009743638303067612,318.57951851024137,0.39999999999999997,1.0801265395936623,3.3773581797347942,1.4007842687351373,4.416179319531681,-174.41366414356142,176.08899180037514,-9.497344056063412,59.92384087924721,281.49801754109336
0.9843166666666667,0.20187388972305484,0.15197912627687968,6.183657566040952,1.652991034799005,0.040753067351916104,201.15737876492534,0.4068965517241379,1.0773219425595275,3.379185367185625,1.3923347357547382,4.423936507084452,-173.9940606817044,176.06561903190914,-9.940320286386452,62.32155689709322,282.1660441638109
1.0010000000000001,0.26827348873430107,0.25332400790115633,3.9799959447300295,6.0746182791774,0.07197066475767316,-132.0876096689859,0.4137931034482759,1.0728662362053887,3.379887287574642,1.382596806513765,4.425602497858254,-173.961231847805,175.7591887509706,-10.279579401224396,61.72889214302733,282.4872626803251
1.0176833333333333,0.40742884327488194,0.34440123424150026,8.340980292142792,5.459174406014675,0.1659982623323083,261.3976631815867,0.42068965517241375,1.0665334470818084,3.3822227378173415,1.3694576570830415,4.420331670355003,-174.6868110996087,176.44871485295056,-8.864474047440751,61.61788522893409,282.55411648466776
1.0343666666666667,0.43656993153376694,0.3661977691443592,1.74671857695615,1.3064856085629772,0.19059330511939795,-395.26044246873107,0.4275862068965517,1.0591988887765118,3.382439953449256,1.3518998606659403,4.411865616846015,-174.99221870867757,176.02187297280324,-8.985908318519193,63.68366974979661,282.79076897718505
1.05105,0.5788666928632874,0.48907374128164244,8.52927640336783,7.365193135101866,0.33508664810647953,406.5469226620372,0.43448275862068964,1.0494188579783563,3.3821086661769577,1.330884026558782,4.40657593216373,-175.12849831884623,175.19174665144922,-9.679755029704552,63.35196443445546,283.00147924358134
1.0677333333333334,0.8410750515423044,0.7365223362877577,15.71678473600496,14.83208361675011,0.7074072423268901,430.81968027794835,0.4413793103448276,1.0365047654899795,3.3765208260047612,1.3071257027181782,4.407818046347937,-174.21385960347604,175.23439792588036,-10.551742470643603,63.532885713463855,281.83577161712566
1.0844166666666668,0.9595518131902124,0.8811950845958758,7.101504194679774,8.671693205281777,0.9207396821966244,-516.4004320474619,0.4482758620689655,1.0208735286606851,3.37306579549468,1.2816854824831967,4.399514820480523,-174.13177538101795,175.29412884510205,-10.574095773880003,62.98129336524454,281.1745404485684
1.1011,1.0713342113618833,0.8946692618690669,6.700243646653667,0.8076429933980767,1.1477569924343884,-24.051581300266385,0.4551724137931034,1.0030660712233055,3.371806543134759,1.2515294097227123,4.39730164356379,-174.14749793813596,175.3250230914675,-10.527478970396544,65.2147831554232,281.02111272161835
1.1177833333333334,1.1890739688120953,0.956555026020642,7.057328118893796,3.7094364126818107,1.4138969033065476,21.403664669737935,0.46206896551724136,0.9838208304595265,3.3669945021145353,1.216223359380265,4.391300141366833,-174.98001086238472,175.75227645425016,-9.267712683365119,67.69078068465925,280.21538066226776
1.1344666666666667,1.3570578481004556,1.0446433044995649,10.068963793508075,5.28001669204331,1.8416060030910393,180.5176228540021,0.4689655172413793,0.9612829027310877,3.3648444642562865,1.178148255278254,4.383468672926213,-176.06655714775343,175.5804029822063,-8.353039870040277,69.42009425123257,280.31861948751805
1.1511500000000001,1.6019787295311372,1.3417112509843734,14.680572313527314,17.806270518569875,2.5663358498701965,276.4200911100433,0.47586206896551725,0.9348950781527524,3.3606041531307578,1.1368116790806835,4.3755775174145635,-176.5185482506875,175.64503971052196,-7.836412038790513,69.85429167067613,279.7539455847219
1.1678333333333333,1.7567579742132553,1.4531977425796654,9.277477203723455,6.682506988728858,3.0861985799618608,-323.86184474349125,0.48275862068965514,0.9055064879721278,3.3525386776174946,1.092301439651664,4.36589181436074,-175.83577456923746,176.11795982498117,-8.0462656057814,71.52121265450937,280.05028107730817
1.1845166666666667,1.9055175439451726,1.7447739189011817,8.916657526388617,17.47709348580511,3.6309971102828427,-21.62755308700321,0.4896551724137931,0.8742868042573587,3.346542021350139,1.0452469568322622,4.350567650800235,-175.90169710662303,176.41834250598393,-7.679960387393066,68.92498953779355,279.1114726408761
1.2012,2.0630984905877505,1.7185697326023273,9.445411387167475,-1.570680497433828,4.256375381865454,31.693538108622743,0.496551724137931,0.8406305666148491,3.3393343866458842,0.994319414408582,4.3353868018003885,-176.08478149291923,177.40869480026862,-6.506523706812118,70.108633866635,278.72154571501756
1.2178833333333334,2.2413129472741797,1.8805896654308714,10.682185215969744,9.711484485227384,5.02348372761887,74.13229743070517,0.503448275862069,0.8057979939771125,3.3317471668231264,0.9390793991152596,4.313254048780265,-175.88917528508819,177.75639654750015,-6.354428167411697,69.87392878642183,277.3534366455391
1.2345666666666668,2.412792452208008,2.131254684230972,10.278491804225432,15.024876251754234,5.8215674174319325,-24.197407297361273,0.5103448275862069,0.7675785597685775,3.3215911014177424,0.8845291876297807,4.290381438440121,-176.1671844344876,177.8563247041436,-5.976490861368802,69.82519032483292,276.76339891459827
1.25125,2.688189536962413,2.1539242747819385,16.507317767496975,1.358816616441556,7.226362986634193,373.3562015947016,0.5172413793103448,0.7262808487533683,3.3076780969156245,0.8266621623276631,4.261707539951723,-176.32434771949133,178.5549886248619,-5.120663655646808,73.16599859472716,275.796228078706
1.2679333333333334,2.715192232732906,2.293762522118608,1.6185432030265323,8.381912927272866,7.372268860693103,-892.4340398283948,0.5241379310344827,0.6844403890713685,3.290347012645779,0.7677795549529538,4.226048286447191,-176.47253320064985,178.6980515564832,-4.829415242866958,74.53648767617226,274.53857962443476
1.2846166666666667,2.932909339214926,2.5001823166018537,13.049976412508645,12.372814854140561,8.601957192054133,685.2007917771471,0.5310344827586206,0.6406701621498093,3.2703055101138605,0.7049600605223221,4.190943270030796,-179.62041397688833,178.68645292378775,-1.6931330993239158,76.70906720508941,273.378975327366
1.3013000000000001,3.1343112005345244,2.8581247714889675,12.072039639536328,21.45509220102572,9.823906701796172,-58.61758878954926,0.5379310344827586,0.5962926109708222,3.2473231731166585,0.6417115857655973,4.150426407207066,179.7104457445727,179.18961975401743,-0.5208259905552666,76.84254534832591,271.1769419434871
1.3179833333333335,3.2897114356257426,2.862136355120641,9.314699406066994,0.24045456333706733,10.822201329686784,-165.27513886929015,0.5448275862068966,0.5488430106915146,3.222455635855267,0.579982159264742,4.100381257780581,179.96725605566658,179.93922724694096,-0.02802880872562241,81.30193268369189,269.7067135206327
1.3346666666666667,3.4392658891008483,3.1642230811529934,8.964302905600826,18.107096465475855,11.828549855932648,-21.002787240729557,0.5517241379310345,0.5008845730115952,3.1954190717764916,0.5194056237955547,4.041492911264427,-179.93896172510944,179.9214634846639,-0.13957479022667485,81.40190170159597,267.9725695767916
1.35135,3.650833197104181,3.3738064921367923,12.681357123076838,12.562442216811075,13.328583033077935,222.80045259596392,0.5586206896551724,0.455862802592012,3.176445335109217,0.4562491392774223,3.9868384113801167,179.05876312386366,-179.4173536401576,1.523883235978758,80.08557959219044,265.1722712521953
1.3680333333333334,3.8952749094288808,3.328331415702954,14.65185088859334,-2.725778807223052,15.173166620026175,118.11151441657317,0.5655172413793104,0.4106355152196109,3.145937021461387,0.4043638776250779,3.9206128184895053,-179.81409137612872,-178.23196981370756,1.5821215624211504,81.99958216933275,262.0152212644255
1.3847166666666668,3.912117073731115,3.853420950661536,1.0095203377962438,31.473898199315478,15.3046599985785,-817.7221109368859,0.5724137931034483,0.36363041804869495,3.1188168455091785,0.35365952631281383,3.8504421397694797,179.48215386687622,-177.3057757242118,3.212070408911984,84.62571213808084,259.5062711905366
1.4014000000000002,3.9412117705148857,3.652552622502341,1.7439378691571117,-12.04005962992191,15.53315022004508,44.02103085080171,0.5793103448275863,0.3229204270583696,3.078622860946949,0.29757698455840575,3.77275285780533,177.40300468450482,-178.0326133529662,4.564381962528955,84.11442207271935,255.59766329263798
1.4180833333333334,4.0838208327907,3.663964818801435,8.547995740808119,0.6840477302154487,16.677592594335323,407.8356366624021,0.5862068965517241,0.2852809323370054,3.0502317846145086,0.26911479889853224,3.6997739351884458,177.10494494288636,-177.55853796255548,5.3365170945581895,85.11118035948765,252.3446964518659
1.4347666666666667,4.500919702069101,3.777082987659998,25.000931225478517,6.780309821692048,20.258278164473808,986.1899391410792,0.593103448275862,0.24290534340978864,3.007066865156674,0.22444326397373626,3.60508334855804,178.95472214875068,-176.07510711076935,4.970170740479944,89.00082063351448,248.54329665929566
1.4514500000000001,3.899965187933404,3.5164090874611564,-36.021249598543164,-15.6248092027277,15.20972846709243,-3657.6731762650224,0.6,0.2211901442031904,3.0034638372720073,0.2126962560336762,3.5265387705430897,178.6011475142299,-175.8685841938266,5.530268291943514,87.13824866063639,243.74244366650393
1.4681333333333335,4.93193145680181,4.65089955479871,61.85612001209206,68.00142661363932,24.323947894591225,5866.775401236856,0.6068965517241379,0.18722902040860334,2.941421250392649,0.18450945180273604,3.434033812950479,179.19834330392982,-174.30189009650147,6.499766599568716,90.67143121672382,238.5644193228743
1.4848166666666667,4.06454550994781,3.683785536220966,-51.99116564559493,-57.96887224242278,16.520530202436902,-6824.013126334952,0.6137931034482759,0.1766738405292886,2.920437685093343,0.1791008746563332,3.348326130510066,179.49400929895484,-174.71359722930157,5.792393471743594,90.82099953315263,231.65646969659684
1.5015,4.775977796919325,4.379428907877524,42.6432939243664,41.69690539399933,22.809963916666373,5672.395179018641,0.6206896551724138,0.15798248784741498,2.9034432609997114,0.16986443364453266,3.2741764230383645,179.54181086494341,-172.84424943370763,7.613939701348954,92.04098357293641,226.0834176805119
1.5181833333333334,4.446580719420866,4.326665559955795,-19.744080569338152,-3.1626382370666812,19.772080094325386,-3739.502966655604,0.6275862068965518,0.1528327272412806,2.8679050725729667,0.16274634304766467,3.1883282136202804,-179.38304727190746,-171.61656397592913,7.7664832959783325,92.51512741420022,218.865678654391
1.5348666666666668,3.949681914463097,4.0496659342871375,-29.78414415331273,-16.603374165953426,15.599987225436873,-601.8020130254471,0.6344827586206897,0.1541812824575884,2.847294718591915,0.395949728711531,3.111311476935457,-179.15940081373503,-171.02640119901451,8.132999614720518,96.88095438234578,212.5632944809883
1.55155,4.4651365356967165,4.581200953088712,30.896380893124366,31.86024088720757,19.937444282413676,3637.194308477784,0.6413793103448275,0.1540698899653162,2.8202860271171115,0.1757426877789553,3.009523458165585,-179.39375134971382,-171.33554199100274,8.058209358711082,99.61828894019233,206.21744512157105
1.5682333333333334,4.25391830798124,4.0245256327291195,-12.660433229698839,-33.36715206950592,18.09582097097798,-2610.798049320063,0.6482758620689655,0.15777110412052675,2.834631094996297,0.17501560004865235,2.9195399513730442,-179.64187233661502,-170.22534134371577,9.416530992899254,98.40122208729059,200.7667952542666
1.5849166666666668,5.456949160801553,5.863869650279242,72.10974142779074,110.25039066234463,29.778294143572776,5081.129350099257,0.6551724137931034,0.16118699471774806,2.797046607584795,0.19523323231392192,2.8341612037251753,-178.91968728493677,-168.03926514361936,10.88042214131741,104.59557630602721,194.43414003695162
1.6016000000000001,5.308625278349244,5.3736420987307305,-8.890542404733774,-29.38426882408651,28.181502345928592,-4855.16186808337,0.6620689655172414,0.18227253747896352,2.7985726112506546,0.22562635211302576,2.7366801645363914,-176.8972383857826,-166.844768186393,10.052470199389603,112.24415785797929,186.49329067610145
1.6182833333333335,5.045691709828142,5.141513239321635,-15.760253857408685,-13.913817746798872,25.459004830628437,-411.77091624424895,0.6689655172413793,0.18861073738753276,2.7750467912583,0.25298643814302135,2.667860561700295,-177.63673995914772,-164.46732193088124,13.169418028266477,115.59305176882619,181.4216443589222
1.6349666666666667,5.953573464423588,6.461574378321607,54.41848678893838,79.12454379620287,35.445036996288685,4206.517920860006,0.6758620689655173,0.219464490343869,2.7461004246825724,0.29016974115525274,2.6018742910079484,-178.67265451269347,-163.97307838305758,14.699576129635886,115.14163637288299,173.26390455704208
1.65165,4.960874559843494,4.98191200851576,-59.50243184296248,-88.69105113721326,24.61027639850238,-6828.426691222804,0.6827586206896552,0.2629717941748632,2.850087787086999,0.3250743897959442,2.5058939553193427,-179.43614342036713,-162.9310529226528,16.50509049771432,116.18157234579867,166.61920876107425
1.6683333333333334,4.911391338371171,4.997939500802825,-2.9660272610782696,0.960688848375502,24.121764878627364,3388.795479433607,0.6896551724137931,0.3050086878788997,2.815256620932372,0.3700363406505667,2.433692440405073,-178.3429248251661,-161.12807255023333,17.21485227493278,119.22997297347514,159.67434839086062
1.6850166666666668,6.552470905517776,6.594493577090869,98.36640762117476,95.69754703025208,42.934874967656945,6073.872220714445,0.6965517241379311,0.35353151447424924,2.801010933983584,0.41573957336210177,2.3757202248390388,-179.59748123131925,-159.52140627049351,20.076074960825736,117.63428759366998,153.14497302088483
1.7017,5.980368195290095,6.337276304672818,-34.29187074291829,-15.417618726356885,35.7648037512373,-7951.545156688973,0.7034482758620689,0.41531416158868467,2.8076027622354305,0.46624772802467557,2.3097602722096062,-177.7311159189311,-157.744317483912,19.986798435019097,122.37387652334544,146.1170143603743
1.7183833333333334,5.36517635569364,6.328915381672745,-36.87463574004711,-0.5011542257785707,28.785117327694085,-154.8110887389896,0.7103448275862069,0.4813046726054074,2.818786435750033,0.5158286219021125,2.2456898089193964,-176.99371132803148,-157.41050913592716,19.583202192104324,124.1740002033709,140.0908299809646
1.7350666666666668,6.0574209651344,7.25529421672183,41.49318338306242,55.527202900044834,36.692348748849774,4697.3717756109445,0.7172413793103448,0.5624403509026212,2.854342437836977,0.569474918609976,2.1818861337186513,-177.21232025846155,-157.5864562636962,19.625863994765353,126.54995291520925,133.0062958724764
1.7517500000000001,6.08348570007828,6.409922946789083,1.562321774857927,-50.67160459137328,37.008798263056924,-2393.458238254007,0.7241379310344828,0.6326984490901911,2.815659491582105,0.6252564330560645,2.1281494062413278,-174.61216464079558,-157.16374664559982,17.44841799519577,127.81123552203692,127.8558925658826
1.7684333333333335,6.346156823962101,6.626184621805491,15.744522910119063,12.962737763221233,40.27370643432074,850.0819861295355,0.7310344827586207,0.7127934017173678,2.789516659016903,0.6815841924577212,2.083681557179215,-173.3224530719533,-157.39449911530454,15.927953956648764,121.69831698076149,122.99348371620148
1.7851166666666667,5.977455364618797,6.73984413973824,-22.09998757302541,6.812758317647379,35.72997263601004,-2268.402226761929,0.7379310344827585,0.7834333310710172,2.719125944504312,0.7377442544513014,2.0436520504517377,-172.62657436158696,-155.95670207769763,16.669872283889333,124.9079676214164,116.91251029595529
1.8018000000000003,5.700026975474678,6.258048965882309,-16.629074274372716,-28.878831599756023,32.49030752113901,327.9268710481123,0.7448275862068966,0.8778732476823252,2.7312931297017404,0.7930226766731604,2.0032303499783253,-171.49898488490223,-153.90083032272088,17.59815456218135,127.81046534289592,112.22183110243746
1.8184833333333335,5.576946998043757,6.261949129906581,-7.377421224630691,0.23377606539094212,31.102337818989277,554.5446383461808,0.7517241379310345,0.97318375966328,2.7390312789073183,0.8477161207315644,1.9606991304950734,-171.4645911343403,-157.8059832285398,13.658607905800523,120.50922000389777,108.60110786648032
1.8351666666666668,5.58849680728375,7.169537405122125,0.6922962581414256,54.400895617315136,31.23129656502067,483.6993496167085,0.7586206896551725,1.0626502606854131,2.7239372928965055,0.9173638610797233,1.9186103409344841,-170.69035866049532,-155.17174806794998,15.518610592545343,129.46602093800388,104.16890911171647
1.85185,5.659289035166077,6.049892689567797,4.243290382557117,-67.11157136189844,32.02755238355099,212.8468006642793,0.7655172413793103,1.142252367173765,2.678635586276338,0.9656492902696439,1.895877248685409,-170.97398848378404,-152.12680803206578,18.84718045171826,137.09596906864988,101.22382182596748
1.8685333333333334,6.526330525284578,6.5862469579731,51.97051888822164,32.14910699732072,42.59299012526128,2860.772937402459,0.7724137931034483,1.2380664721360135,2.6290563609314694,1.0284980438745746,1.8744905621159413,-171.16873040581768,-152.42856096307494,18.74016944274274,128.07155894437136,97.12949034886344
1.8852166666666668,4.74509831747696,5.201628352063938,-106.76716530315356,-82.99412223231708,22.515958042522676,-9514.7463051773,0.7793103448275862,1.3242729541396998,2.6263548779247716,1.0930021206166087,1.8594321815545591,-170.9823586517561,-146.88336475486244,24.09899389689366,135.31744314822242,92.65826883132705
1.9019000000000001,5.452525285282014,5.710777385377132,42.403214853449626,30.518423575216303,29.730031986639705,8941.28152786829,0.7862068965517242,1.423484078463859,2.622571117489788,1.15846192843063,1.8499362093396465,-170.35700291107653,-148.01349833387428,22.343504577202253,135.84610953467146,89.54254387627039
1.9185833333333335,5.546949354643009,5.499820834882144,5.659784377282411,-12.644748281417854,30.768647142974494,-2202.4034251448797,0.7931034482758621,1.5152742535467758,2.6038006725255882,1.2241778752515204,1.8452367478095848,-169.7727624702027,-147.28100339763787,22.491759072564832,123.78986410677147,84.45232638645443
1.9352666666666667,5.56848054053672,6.894608047851939,1.2905805730496533,83.60362914903952,31.007975530336125,-261.890337916052,0.7999999999999999,1.6109655094484534,2.5959300809997212,1.2894503690141628,1.8445678993027583,-168.968890817324,-149.9994691816055,18.969421635718504,124.37240509453302,81.93854175980135
1.95195,5.541834937489322,6.42389896016018,-1.597139043800077,-28.214330930574864,30.71193447437728,-173.0900869240591,0.8068965517241379,1.703261463713738,2.5904876134782926,1.3535798176534397,1.8471637661575488,-167.5502932613797,-152.06244377180954,15.487849489570152,125.23058540826375,79.28286276521861
1.9686333333333335,5.505358114377556,7.7517859471517205,-2.1864229637422516,79.59362559389824,30.308967967542795,-35.321713483047304,0.8137931034482758,1.7951059820831003,2.5897201833791197,1.4158666291042339,1.8522584507123396,-167.61155082958197,-151.37479404842256,16.236756781159414,128.72795113099394,75.85418536539424
1.9853166666666668,5.418906332336776,4.451085677792059,-5.18192499744933,-197.8441719895894,29.364545838639607,-179.55057145097305,0.8206896551724138,1.8855113622805288,2.5896346657506863,1.4756112113014275,1.8590860553055133,-166.92939349230053,-139.89419485544366,27.035198636856876,132.58233176273754,73.26793260087469
2.0020000000000002,5.286441442326717,6.53041527564555,-7.939953447156309,124.63514073047851,27.946463123149385,-165.31639059182635,0.8275862068965518,1.9734934264343327,2.5957662549480855,1.5321139721799042,1.8668806822754531,-165.21368857519687,-143.64505514334462,21.56863343185225,135.36812881084083,73.25698571095441
2.0186833333333336,5.098820306250026,4.304783598876584,-11.246022142458978,-133.4044961100274,25.997968515427612,-198.165955762397,0.8344827586206898,2.058068515661385,2.6048856157090197,1.5846753196745453,1.8748764339605415,-164.28591281175642,-151.3216764666172,12.964236345139227,138.73823710097113,73.77326082793445
2.0353666666666665,4.836372590621661,5.4826334859210935,-15.731131805896396,70.60039282984238,23.390499835316476,-268.8377420641873,0.8413793103448275,2.1326855786599097,2.6087914969429233,1.6325956617202348,1.8823074126991615,-164.22410057088237,-154.1067766978205,10.117323873061878,151.0507771023409,73.35424707222084
2.05205,4.515797045096151,4.231918107826351,-19.21531741411667,-74.96795473095435,20.39242295249913,-208.8422941990194,0.8482758620689654,2.2041633508543645,2.616228373242334,1.6751754062518545,1.8884077208296957,-166.1089095772415,-160.37989098687623,5.729018590365257,129.72208479442068,73.87234327727265
2.0687333333333333,4.130137203393384,2.7870738863166036,-23.116474028137773,-86.60404924134318,17.058033318854125,-233.83556127998543,0.8551724137931034,2.2696162332876826,2.6236175081770243,1.7117149612042872,1.892411460690527,-165.51359316118015,-150.85998897341054,14.653604187769616,128.06554561008932,74.46137896897515
2.0854166666666667,3.570274712820676,2.155585607960558,-33.558191243119246,-37.85144525610648,12.746861525006763,-625.877155743143,0.8620689655172413,2.2595032920330507,2.5523691098994656,1.7415147345124153,1.893552734620038,-164.25095170581082,-146.62400639602654,17.626945309784276,120.989859865666,77.64284691053918
2.1021,3.03563312291979,1.9547673643823031,-32.04644894510794,-12.037057557138121,9.215068456967758,90.61392395672132,0.8689655172413793,2.289841500242311,2.533954010534729,1.7638751341111218,1.8910656449566117,-163.38793189408648,-153.60589652464554,9.782035369440933,122.64217182827167,79.81154497534204
2.1187833333333335,2.3943259821102356,0.4175226630883848,-38.43998846011302,-92.14253953809667,5.732796908608145,-383.2291417585449,0.8758620689655172,2.240427086015667,2.43570087788086,1.7780965679352891,1.884184294038631,-163.5596324962598,-155.37423157832546,8.185400917934345,115.0638017859785,82.03656965081314
2.135466666666667,1.7998721047929436,0.30907095579951477,-35.631601037999395,-6.500601835496683,3.239539593611781,168.33491041640053,0.8827586206896552,2.2367643194606623,2.399186218584654,1.7834794439198003,1.8721427842044787,-163.25321119178713,-149.6595572698766,13.593653921910544,122.10613083993249,83.5363508524393
2.1521500000000002,1.218758588713687,-1.3299405886367996,-34.8319789857695,-98.24245021596255,1.485372497563378,47.929393740053335,0.8896551724137931,2.166839356988028,2.2966215077331102,1.77915174542383,1.8543960335393286,-162.8290311829982,-141.3166032737112,21.512427909287,129.9501325465554,82.35391325855194
2.1688333333333336,0.8117784030172828,-1.7643735198797164,-24.394416725059102,-26.039935938636273,0.65898417560529,625.6281075350867,0.896551724137931,2.1194176518749788,2.230221195841535,1.7635517575037247,1.831282223115517,-162.76838931007984,-146.29817889607267,16.47021041400717,132.74069811449127,84.14101900234611
2.1855166666666666,1.1798372011615859,-2.6965099773200287,22.06146642223647,-55.87231513128877,1.3920158212448044,2784.5684204173826,0.9034482758620689,2.0855840523596347,2.174537370394116,1.7349453406401243,1.8033603497521724,-162.8304921926787,-146.80273875722486,16.027753435453832,149.57465107871286,84.75768885809622
2.2022,1.7817039644491943,-4.24044361415284,36.075929867388986,-92.54347473523309,3.1744690169339758,840.0277789302177,0.9103448275862068,2.0649968761382014,2.1422315353960983,1.6915983553136669,1.7711894102684218,-162.36717419712465,-139.3515770471285,23.015597149996154,140.93588343190888,88.08347998729114
2.2188833333333333,2.635987842690562,-4.746427640030356,51.20582686761425,-30.328712839811086,6.948431906812442,906.8869330804321,0.9172413793103448,2.0271391141036457,2.10314566525811,1.6317766620049918,1.7353284014833932,-163.9421193540641,-145.0857675973842,18.856351756679885,142.5407743468687,87.76547534588194
2.2355666666666667,3.603257661444497,-4.662775681976556,57.978210914321586,5.01410337984816,12.983465774758466,405.93710569674204,0.9241379310344827,1.9794797936664814,2.066507923934527,1.5537461211947374,1.6963363202162145,-164.51768899944312,-143.91602147754995,20.601667521893177,125.68028259188014,88.05597581016565
2.25225,4.6874212241565925,-5.782573896517051,64.98482893379169,-67.12077210032913,21.97191773267369,419.9771040641405,0.9310344827586207,1.912920338191848,2.0254547621501815,1.4557366710543205,1.659383546217675,-164.82683837769815,-147.96081119570673,16.866027181991427,121.3875391766699,90.34889459805365
2.2689333333333335,5.890434863324027,-7.308252334585299,72.10870964040542,-91.4492570270675,34.697222879063155,427.00583656026214,0.9379310344827586,1.8254625143798207,1.9806381090676368,1.3352648362054893,1.6395393988304179,-166.34925374040398,-148.42992658596137,17.919327154442612,128.7110740824578,93.50509209750986
2.285616666666667,7.109513775290193,-7.833118715603294,73.07166305491474,-31.460522338740805,50.545186121041006,57.71948538517349,0.9448275862068966,1.7150514172184452,1.9373043600840332,1.1908832461696346,1.6293374190097343,-168.37318498411847,-154.11834800620105,14.25483697791742,111.5057979457392,97.93215060748143
2.3023000000000002,8.30843140649559,-9.549101839727898,71.86319467764592,-102.85613131615973,69.03003243644228,-72.43566696915948,0.9517241379310345,1.5789131109860974,1.9112325404440516,1.0267343312541533,1.6379451473246827,-170.48788511168564,-155.70552087626007,14.782364235425575,121.94986157194008,101.37073102240295
2.3189833333333336,9.815529723844845,-11.31067082264866,90.33556347747752,-105.58855042482053,96.34462375968167,1107.234893096795,0.9586206896551724,1.4152010468126237,1.9074500695275438,0.7785106870541791,1.6966823885791686,-171.8426107378141,-161.05450990795964,10.788100829854471,113.85191422508518,108.34566212326118
2.3356666666666666,11.145270342363313,-11.18469106900223,79.70473237873122,7.551233984801164,124.21705100436324,-637.2126532715215,0.9655172413793103,1.218023201284296,1.891776315066113,0.59744194826859,1.7739026899036665,-173.58846480946377,-162.83483620048378,10.753628608979994,110.43586607128144,120.38104605336265
2.35235,16.678347928085692,-16.818748425729403,331.6530021412004,-337.70573566796116,278.1672896102803,15101.794391356738,0.9724137931034482,0.9455536682862118,1.948200244369433,0.345635253465036,1.9700163806681146,-174.41592648087345,-163.17164202671313,11.244284454160322,110.65152317570599,134.89988057474125
2.3690333333333333,14.055908565723175,-13.660939021275745,-157.18917256918127,189.2792849822366,197.56856560797013,-29301.229253369424,0.9793103448275862,0.7268374720263097,2.0327768238776467,0.10160580113930255,2.301124996015722,-176.92993244368225,-164.44273596228985,12.487196481392402,97.64585818572296,146.5396032030371
2.3857166666666667,20.881145650587236,-18.837282095963594,409.10511997187024,-310.27031416710275,436.0222436810382,33943.713838624346,0.9862068965517241,0.44604848385127166,2.2389737921583452,-0.0033751209218653546,2.9541582295079896,-175.09120124546004,-168.08328427164997,7.007916973810069,81.54342483602738,164.06885873623204
2.4024,27.29240343940897,-19.73983235804481,384.2911761531496,-54.09891680806476,744.8752854994626,-1487.34927984339,0.993103448275862,0.1638925642367784,2.5963417608782438,0.013356913195370333,3.3518689347387522,-177.63265389994243,-173.09814155559025,4.53451234435218,80.64275563531231,188.7146473151332
2.4190833333333335,41.887506241058674,-27.983938018498105,874.8313367622168,-494.15218743975606,1754.5631790947293,29403.00662991401,1.0,0.1227380872214123,3.2939521210232336,0.3253362073789799,3.9227071131905857,177.08055022910597,-176.93577792751452,5.983671843379511,74.12795724029156,206.14716963200297
